# name	path	sha256	expected key=value fields
itunes-m4a	cover_art/Owner-iTunes_9.0.3.15.m4a	0671cc3c0c0f3df239b41ddcc285faa3d9db72566d75f81fb026669abe783242	title=Owner	album=The Album	artists=The Artist	album_artists=The Album Artist	genres=Rock	date=2010	track_number=2	track_total=5	disc_number=3	disc_total=5	comment=The comment...	encoder=iTunes 9.0.3.15, QuickTime 7.6.5	container=mp4	artwork_count=1	artwork_mime=image/jpeg	artwork_type=3	artwork_bytes=25441
id3-private	id3v2/id3v2_priv.mp3	81987495917a5af5f2c77b7449738abdd16ec17eab8c78709f57c25d04bdaca5	title=id3v2-test	container=id3
id3-language	id3v2/lang_xxx.mp3	4e87970402fb5d1828bdfdf83a3ca1f6303186a3d32cfa04d974ce25bf6ae863	comment=Dummy comment	lyrics=Dummy lyrics	container=id3
opus-comments	cover_art/ogg_vorbiscomment_cover.opus	2e6fc44c88109bf8af13cf3e23d352923cb10b7f1b43da5d8d6e6d3754868bf0	title=Frank Chandler Returns	album=Chandu The Magician	artists=White King Granulated Soap	genres=Old Time Radio	date=1948	container=ogg	audio_codec=opus	sample_rate=48000	channels=1	artwork_count=2	artwork_mime=image/jpeg	artwork_type=3	artwork_bytes=47664
flac-comments	cover_art/cover_art.flac	595357031e50195be1bab918fae960879ace6c1191b4d533548abf83bd2cf97c	title=Дороги	album=Ангелофрения	artists=Мельница	genres=Folk	date=2012	track_number=2	track_total=11	container=flac	audio_codec=flac	sample_rate=44100	channels=2	artwork_count=1	artwork_mime=image/jpeg	artwork_type=0	artwork_bytes=19650
vorbis-comments	vorbis/vorbis_chapter_extension_demo.ogg	b3490672085ff1377f6d23f2d4738129a1b96d3e735711654f535f42228730df	title=vorbis chapter extension demo	date=2012	container=ogg	audio_codec=vorbis	sample_rate=44100	channels=1
apev2-monkeys-audio	cover_art/luckynight_cover.ape	100b725d6cc70bc8f9dcaef61169480f7db353d4d59b95fefae9b18a1b958752	title=Lucky Night	album=Treasure Quest Soundtrack	artists=Jody Marie Gnant	genres=Soundtrack	date=1995	track_number=9	comment=1-minute song sample demonstrating Monkey's Audio .ape compression	artwork_count=1	artwork_mime=image/jpeg	artwork_type=3	artwork_bytes=49017
apev2-wavpack	cover_art/luckynight_cover.wv	b24d595d8a191f84b1a0f04f48d46098a96b8ac20a0efbb4542fe70947c2b0a2	title=Lucky Night	album=Treasure Quest Soundtrack	artists=Jody Marie Gnant	genres=Soundtrack	date=1995	track_number=9	comment=1-minute song sample demonstrating WavPack compression	artwork_count=1	artwork_mime=image/jpeg	artwork_type=3	artwork_bytes=49017
asf-wma-picture	cover_art/Californication_cover.wma	0d597a103f1d24e54943e764bbffbda720b43d7dabe1b79e59d797bda01d141f	title=Californication	album=Greatest Hits	artists=The Red Hot Chili Peppers	album_artists=Red Hot Chili Peppers	genres=Rock	date=2003	track_number=3	container=asf	audio_codec=wma2	sample_rate=44100	channels=2	artwork_count=1	artwork_mime=image/jpeg	artwork_type=3	artwork_bytes=62566
asf-embedded-id3	cover_art/wma_with_ID3_APIC_trimmed.wma	3aab45d8f7a0ffbbd355b2b777d16f65598026870356565028421827521fa043	title=Piste 5	album=Tombé du Ciel	artists=Higelin	container=asf	audio_codec=wma2	artwork_count=1	artwork_mime=image/jpg	artwork_type=0	artwork_bytes=17242
asf-metadata-library	cover_art/wma_with_metadata_library_object_tag_trimmed.wma	1d047fa8f6f30c797889ee3e7043d1a5491b167e6a19aeb0a06d3a7558679d95	title=Wheels	album=Pressure Chief	artists=Cake	album_artists=Cake	composers=J. McCrea	genres=Rock	date=2004	track_number=1	container=asf	audio_codec=wma2	artwork_count=2	artwork_mime=image/jpeg	artwork_type=3	artwork_bytes=11489
